S. No.,Route
1,"[[98072567575, (12.9066907, 77.602318)], [36774055970, (12.901773, 77.594978)], [72031214940, (12.9033045, 77.59173849999999)], [66314622688, (12.8897963, 77.58558289999999)], [72346908029, (12.8978624, 77.58450839999999)], [73908465584, (12.8982804, 77.5858544)], [27632908686, (12.9029512, 77.58562049999999)], [73350066683, (12.904529, 77.5855601)], [49726345575, (12.904529, 77.5855601)], [62201852038, (12.9120799, 77.5745235)], [65307617155, (12.916563, 77.583568)], [60104333056, (12.9115788, 77.5857133)], [49180403091, (12.9088826, 77.5857567)], [82980897770, (12.9088826, 77.5857567)], [81926175607, (12.9085621, 77.5859526)], [76031744666, (12.9063958, 77.5886106)], [32162999926, (12.9065794, 77.5929269)], [33178947349, (12.906383, 77.596713)], [67841310375, (12.907355, 77.5985151)], [81028594970, (12.9070991, 77.5996462)]]"
