S. No.,Route
1,"[[73350066683, (12.904529, 77.5855601)], [62201852038, (12.9120799, 77.5745235)]]"
