{
    "width": 1920,
    "height": 1080,
    "intrinsic_matrix": [
        1388.666748046875,
        0,
        0,
        0,
        1388.647216796875,
        0,
        978.1112060546875,
        544.4586181640625,
        1
    ]
}